Inbetriebnahmedatum,Solar(GWh),Bruttoleistung(GWp)
2018-01-01,31.1,42.20548798199992
2018-01-02,17.2,42.23452430299992
2018-01-03,13.8,42.242417203999935
2018-01-04,9.8,42.25077215099992
2018-01-05,19.4,42.260812836999925
2018-01-06,30.8,42.26119831199993
2018-01-07,17.9,42.26206870199992
2018-01-08,32.0,42.274552520999926
2018-01-09,31.1,42.28618741999992
2018-01-10,39.9,42.298637049999925
2018-01-11,22.2,42.30692361999992
2018-01-12,11.6,42.315136228999926
2018-01-13,12.1,42.31536593399992
2018-01-14,35.1,42.31549045399992
2018-01-15,31.9,42.326417090999925
2018-01-16,19.6,42.34515631799992
2018-01-17,19.9,42.35247873899992
2018-01-18,16.7,42.362939115999914
2018-01-19,28.0,42.36934112199991
2018-01-20,15.8,42.37016281299991
2018-01-21,19.3,42.370339837999914
2018-01-22,10.2,42.37943966499991
2018-01-23,20.0,42.38601802999991
2018-01-24,43.3,42.39291413999992
2018-01-25,31.8,42.39980554999991
2018-01-26,29.2,42.409593831999906
2018-01-27,27.0,42.4104696169999
2018-01-28,23.4,42.4105608569999
2018-01-29,25.0,42.4190864989999
2018-01-30,52.6,42.436582761999894
2018-01-31,32.6,42.4630156999999
2018-02-01,34.4,42.476695483999904
2018-02-02,40.2,42.4835775619999
2018-02-03,26.5,42.4844341719999
2018-02-04,27.6,42.4844454869999
2018-02-05,56.2,42.513831619999905
2018-02-06,70.1,42.534660795999905
2018-02-07,59.0,42.5399084099999
2018-02-08,54.6,42.54586868799989
2018-02-09,44.7,42.549668077999904
2018-02-10,25.8,42.549969532999896
2018-02-11,30.1,42.549986532999895
2018-02-12,50.0,42.55516790699989
2018-02-13,103.0,42.561270019999895
2018-02-14,119.7,42.5668293849999
2018-02-15,32.4,42.58378422599989
2018-02-16,75.6,42.58927501099989
2018-02-17,36.4,42.58954848099989
2018-02-18,62.9,42.58965432599989
2018-02-19,62.1,42.59351580899989
2018-02-20,69.4,42.60198865899989
2018-02-21,96.8,42.6125851859999
2018-02-22,93.5,42.61850412199989
2018-02-23,111.5,42.621515932999884
2018-02-24,116.0,42.62240727299989
2018-02-25,128.8,42.622929382999885
2018-02-26,86.1,42.63795753899989
2018-02-27,103.3,42.65000594899989
2018-02-28,114.2,42.65718634999989
2018-03-01,116.5,42.672791385999886
2018-03-02,107.7,42.67480645099989
2018-03-03,81.3,42.675006578999884
2018-03-04,106.0,42.67502636899988
2018-03-05,110.2,42.67751538299988
2018-03-06,80.7,42.68166681499988
2018-03-07,60.0,42.68985615999988
2018-03-08,98.4,42.69417824299987
2018-03-09,75.7,42.69868269299988
2018-03-10,59.1,42.69926594299987
2018-03-11,88.9,42.69928214299988
2018-03-12,52.1,42.702801072999875
2018-03-13,55.2,42.70589351099988
2018-03-14,75.4,42.711219244999874
2018-03-15,114.5,42.723428692999875
2018-03-16,51.4,42.72693703299988
2018-03-17,55.7,42.72730368299988
2018-03-18,86.8,42.727426947999874
2018-03-19,125.7,42.73409421599988
2018-03-20,105.3,42.73964940599987
2018-03-21,142.9,42.74875845599987
2018-03-22,59.4,42.755466185999865
2018-03-23,47.1,42.76195769999987
2018-03-24,152.5,42.76267337499987
2018-03-25,167.4,42.76279562999987
2018-03-26,76.8,42.76948461499987
2018-03-27,118.2,42.78746913899986
2018-03-28,48.8,42.79829845999987
2018-03-29,100.3,42.81271358499987
2018-03-30,153.9,42.81442361099987
2018-03-31,78.2,42.82064314599987
2018-04-01,77.5,42.82230279599987
2018-04-02,159.9,42.82388134999986
2018-04-03,150.8,42.82745531599986
2018-04-04,146.1,42.83483424699986
2018-04-05,104.3,42.839821532999856
2018-04-06,228.0,42.84781198499986
2018-04-07,224.3,42.84805285499986
2018-04-08,207.9,42.84809683499985
2018-04-09,153.7,42.85288495499985
2018-04-10,164.3,42.85994121999985
2018-04-11,158.7,42.87141921499985
2018-04-12,150.3,42.879840048999846
2018-04-13,90.2,42.887371992999846
2018-04-14,164.9,42.88857302799984
2018-04-15,150.0,42.88885205799984
2018-04-16,107.2,42.895104452999846
2018-04-17,205.7,42.90315844199985
2018-04-18,225.7,42.917057697999844
2018-04-19,226.6,42.92937447499985
2018-04-20,224.0,42.93806802799985
2018-04-21,220.2,42.93853614799985
2018-04-22,208.3,42.94013253299984
2018-04-23,146.7,42.95642200399985
2018-04-24,149.9,42.970011725999846
2018-04-25,146.3,42.982106861999846
2018-04-26,145.4,42.99675726399985
2018-04-27,217.8,43.017894833999854
2018-04-28,188.5,43.02035224899985
2018-04-29,198.6,43.022650328999845
2018-04-30,160.3,43.04326377099984
2018-05-01,158.1,43.04550917099984
2018-05-02,168.9,43.05045632699985
2018-05-03,179.3,43.057012786999856
2018-05-04,212.2,43.06540137699986
2018-05-05,236.2,43.066364291999854
2018-05-06,252.6,43.06642895699985
2018-05-07,251.0,43.07228951699986
2018-05-08,251.7,43.08017887899986
2018-05-09,222.5,43.091371008999865
2018-05-10,154.4,43.09159486399986
2018-05-11,172.2,43.093744653999856
2018-05-12,213.9,43.094356468999855
2018-05-13,187.3,43.094452828999856
2018-05-14,187.9,43.09968909799986
2018-05-15,182.7,43.11271265299985
2018-05-16,124.4,43.118701316999854
2018-05-17,158.3,43.14243964199985
2018-05-18,182.0,43.17167370799986
2018-05-19,195.3,43.17273104099986
2018-05-20,211.0,43.172807270999854
2018-05-21,252.5,43.172993420999845
2018-05-22,216.1,43.17807695899985
2018-05-23,193.0,43.184986406999855
2018-05-24,153.9,43.19046889699985
2018-05-25,210.5,43.20137740199985
2018-05-26,239.9,43.202627491999856
2018-05-27,200.6,43.20341819199986
2018-05-28,238.0,43.212309609999856
2018-05-29,212.8,43.220200356999854
2018-05-30,219.8,43.23625030199986
2018-05-31,217.6,43.242830091999856
2018-06-01,172.7,43.259292489999865
2018-06-02,161.1,43.25962199999986
2018-06-03,199.8,43.25993156999986
2018-06-04,220.2,43.26586179699986
2018-06-05,207.9,43.269793661999856
2018-06-06,245.4,43.280029019999866
2018-06-07,212.3,43.29601801199986
2018-06-08,205.8,43.308112006999856
2018-06-09,200.1,43.30851798699985
2018-06-10,184.1,43.30924437199985
2018-06-11,178.3,43.319479734999845
2018-06-12,127.9,43.32716562099985
2018-06-13,93.7,43.33935596399985
2018-06-14,198.1,43.345138585999855
2018-06-15,193.2,43.356555436999855
2018-06-16,204.2,43.357425366999855
2018-06-17,180.1,43.35755950199986
2018-06-18,175.5,43.37331042699985
2018-06-19,159.9,43.38092530999985
2018-06-20,226.9,43.39832851599986
2018-06-21,191.0,43.414900701999855
2018-06-22,169.8,43.42649559199985
2018-06-23,156.5,43.42672016099985
2018-06-24,136.5,43.428297455999854
2018-06-25,167.5,43.443555621999856
2018-06-26,181.0,43.45914351399985
2018-06-27,228.1,43.479551042999844
2018-06-28,170.4,43.503644101999846
2018-06-29,223.7,43.57356300799985
2018-06-30,258.2,43.59920029199986
2018-07-01,269.4,43.60207652699985
2018-07-02,271.8,43.60736876999986
2018-07-03,254.6,43.61312007299986
2018-07-04,211.3,43.619451922999865
2018-07-05,179.1,43.62681983599986
2018-07-06,165.1,43.63246935899986
2018-07-07,249.0,43.63362318299986
2018-07-08,240.5,43.63374022299986
2018-07-09,202.9,43.64105138799986
2018-07-10,130.6,43.649232080999866
2018-07-11,139.0,43.656675079999864
2018-07-12,172.3,43.67683361199986
2018-07-13,230.1,43.68375176699986
2018-07-14,219.6,43.684322246999855
2018-07-15,218.8,43.68825261599986
2018-07-16,221.2,43.696641185999866
2018-07-17,216.9,43.70444319199986
2018-07-18,227.4,43.71216843299985
2018-07-19,235.9,43.72002693699986
2018-07-20,222.6,43.729801151999865
2018-07-21,132.0,43.73106072199987
2018-07-22,143.6,43.73111776199986
2018-07-23,211.1,43.73888331199986
2018-07-24,239.6,43.74820515599985
2018-07-25,219.3,43.75969170699985
2018-07-26,234.4,43.771193810999854
2018-07-27,221.2,43.79148819299985
2018-07-28,177.2,43.80127764299986
2018-07-29,211.5,43.80221452799986
2018-07-30,218.7,43.835725048999855
2018-07-31,218.1,43.90572878299985
2018-08-01,191.8,43.91319391499985
2018-08-02,205.0,43.919150275999854
2018-08-03,225.0,43.92733266899985
2018-08-04,200.5,43.92779579899985
2018-08-05,205.0,43.92791951899985
2018-08-06,236.7,43.94010111399985
2018-08-07,201.6,43.95811290699985
2018-08-08,178.8,43.96323050699985
2018-08-09,190.5,43.96972382199985
2018-08-10,158.9,43.98457174699984
2018-08-11,192.3,43.985867166999846
2018-08-12,223.2,43.986062296999854
2018-08-13,136.7,43.992662706999845
2018-08-14,143.1,44.00568386199985
2018-08-15,149.9,44.01520621599985
2018-08-16,224.6,44.01996319999984
2018-08-17,189.3,44.02480121799985
2018-08-18,197.7,44.02541102299985
2018-08-19,209.8,44.025473887999844
2018-08-20,152.6,44.031375037999844
2018-08-21,181.0,44.04011631299984
2018-08-22,209.9,44.049055327999845
2018-08-23,169.1,44.056995312999845
2018-08-24,114.2,44.065658222999836
2018-08-25,101.7,44.066580237999844
2018-08-26,194.4,44.068038007999846
2018-08-27,127.7,44.104203285999844
2018-08-28,175.0,44.12032667199984
2018-08-29,187.0,44.148488493999835
2018-08-30,86.1,44.182441054999835
2018-08-31,108.6,44.22697921799984
2018-09-01,129.1,44.229413399999835
2018-09-02,82.4,44.229449889999835
2018-09-03,102.0,44.23365828399984
2018-09-04,144.1,44.24329784199984
2018-09-05,176.6,44.24686377099984
2018-09-06,148.4,44.25088138599983
2018-09-07,108.0,44.25463116599984
2018-09-08,181.6,44.25506296099984
2018-09-09,170.8,44.255429060999845
2018-09-10,143.7,44.25939326999984
2018-09-11,170.6,44.26423733599984
2018-09-12,161.5,44.26966645099984
2018-09-13,93.5,44.27519516599985
2018-09-14,113.7,44.28026008599985
2018-09-15,138.8,44.28171675299985
2018-09-16,179.1,44.28201694799985
2018-09-17,178.3,44.28690622799986
2018-09-18,179.6,44.29284722299985
2018-09-19,162.0,44.30042917899985
2018-09-20,163.4,44.30481339199985
2018-09-21,98.6,44.31254865199985
2018-09-22,117.2,44.314758911999846
2018-09-23,53.2,44.31484184199984
2018-09-24,138.2,44.32458994699984
2018-09-25,169.0,44.33420381199984
2018-09-26,155.7,44.34434442099984
2018-09-27,165.5,44.359737694999836
2018-09-28,128.5,44.38636829799984
2018-09-29,168.4,44.40333155299984
2018-09-30,170.6,44.41716972899984
2018-10-01,80.8,44.421072127999835
2018-10-02,58.1,44.42398928199984
2018-10-03,91.0,44.424082841999834
2018-10-04,118.0,44.42575331299983
2018-10-05,164.5,44.42856521899984
2018-10-06,132.3,44.43061274899984
2018-10-07,97.5,44.43076150399984
2018-10-08,121.9,44.43315788399985
2018-10-09,112.5,44.43609261699985
2018-10-10,138.2,44.44046334199985
2018-10-11,138.9,44.44467227699985
2018-10-12,142.2,44.44982453199985
2018-10-13,144.9,44.45046850199986
2018-10-14,144.6,44.45062205199985
2018-10-15,131.4,44.45692384099985
2018-10-16,114.0,44.463521109999846
2018-10-17,122.8,44.46923503499985
2018-10-18,90.1,44.474003885999856
2018-10-19,91.1,44.48049466499985
2018-10-20,91.7,44.481545114999854
2018-10-21,109.2,44.481833959999854
2018-10-22,86.2,44.48599853499985
2018-10-23,29.7,44.49809054599985
2018-10-24,40.6,44.50521964599986
2018-10-25,38.8,44.51114143499985
2018-10-26,54.5,44.52580327499986
2018-10-27,39.2,44.527058949999855
2018-10-28,28.9,44.52824994499985
2018-10-29,16.9,44.54227396999985
2018-10-30,45.8,44.57099945799985
2018-10-31,82.9,44.60935003099985
2018-11-01,47.2,44.612829575999854
2018-11-02,59.1,44.61536340099985
2018-11-03,59.9,44.61554037599985
2018-11-04,23.4,44.61560755599985
2018-11-05,48.0,44.62328756799985
2018-11-06,74.7,44.626064067999856
2018-11-07,85.0,44.62980749499985
2018-11-08,46.7,44.63434159499986
2018-11-09,36.6,44.638746333999855
2018-11-10,37.8,44.639546668999856
2018-11-11,45.1,44.639695648999854
2018-11-12,44.2,44.645749594999856
2018-11-13,24.7,44.64985034499986
2018-11-14,52.1,44.656348152999854
2018-11-15,46.5,44.661128134999856
2018-11-16,80.0,44.667885732999856
2018-11-17,85.3,44.66861688299985
2018-11-18,73.0,44.668999262999854
2018-11-19,19.9,44.67258735799985
2018-11-20,23.3,44.67800899099986
2018-11-21,17.5,44.68443983799986
2018-11-22,21.8,44.69004095099986
2018-11-23,31.6,44.69718895299985
2018-11-24,17.2,44.698420567999854
2018-11-25,22.8,44.69863477799986
2018-11-26,11.7,44.71093265699986
2018-11-27,16.9,44.73593362799986
2018-11-28,37.0,44.752019001999855
2018-11-29,33.1,44.76946818099985
2018-11-30,13.1,44.81341284099985
2018-12-01,28.8,44.815419230999844
2018-12-02,8.5,44.81546833099985
2018-12-03,18.7,44.81885576499985
2018-12-04,32.7,44.82537945099985
2018-12-05,34.5,44.83029951099985
2018-12-06,11.5,44.85633800099985
2018-12-07,12.3,44.86822803299985
2018-12-08,19.1,44.87011193799985
2018-12-09,12.1,44.87013561799986
2018-12-10,25.0,44.87633643299985
2018-12-11,19.6,44.89115910999985
2018-12-12,18.3,44.91767839399985
2018-12-13,20.8,44.94191979399985
2018-12-14,10.2,44.96268245899985
2018-12-15,9.8,44.96337994899985
2018-12-16,8.3,44.964531793999846
2018-12-17,13.5,44.97911694899985
2018-12-18,32.9,45.00077687199985
2018-12-19,10.4,45.014557431999854
2018-12-20,19.4,45.039214881999854
2018-12-21,6.9,45.08468798499986
2018-12-22,12.2,45.08671685199986
2018-12-23,10.0,45.08754901199985
2018-12-24,20.4,45.09116962699986
2018-12-25,19.9,45.09118749199986
2018-12-26,25.6,45.09120319199986
2018-12-27,29.2,45.101269367999855
2018-12-28,29.1,45.10939227799985
2018-12-29,11.0,45.112987372999854
2018-12-30,13.1,45.115172412999854
2018-12-31,9.8,45.14445781299985
2019-01-01,10.7,45.15462656699985
2019-01-02,33.0,45.19120466499985
2019-01-03,23.9,45.20289600499986
2019-01-04,10.1,45.210540727999856
2019-01-05,7.2,45.21088293799985
2019-01-06,12.5,45.21120057299985
2019-01-07,11.0,45.24706807599985
2019-01-08,14.3,45.26244812099985
2019-01-09,13.8,45.27666840099985
2019-01-10,11.6,45.29367105599985
2019-01-11,5.7,45.30806832099985
2019-01-12,7.3,45.31041228599985
2019-01-13,6.4,45.311346845999864
2019-01-14,26.8,45.33096837299986
2019-01-15,16.0,45.36046906499987
2019-01-16,32.9,45.37518302199987
2019-01-17,21.3,45.38949807599987
2019-01-18,50.2,45.40703900099986
2019-01-19,66.8,45.41013258099986
2019-01-20,56.7,45.412768340999854
2019-01-21,54.8,45.433605804999864
2019-01-22,39.7,45.46004071999986
2019-01-23,28.6,45.48377259599986
2019-01-24,15.4,45.50996024299985
2019-01-25,17.2,45.54881305199986
2019-01-26,12.2,45.55364054199986
2019-01-27,25.4,45.55707058199986
2019-01-28,25.8,45.60887349899986
2019-01-29,38.1,45.66345157799987
2019-01-30,35.9,45.777427479999865
2019-01-31,57.7,45.97409268499987
2019-02-01,21.6,45.97702320999987
2019-02-02,21.2,45.977234338999864
2019-02-03,20.7,45.977277128999866
2019-02-04,59.9,45.984400540999864
2019-02-05,37.3,45.98718993699986
2019-02-06,57.9,45.98981220699987
2019-02-07,29.3,45.99193157699987
2019-02-08,58.9,45.99922136999986
2019-02-09,60.7,46.00173180999986
2019-02-10,26.8,46.00185646999986
2019-02-11,42.5,46.005234635999855
2019-02-12,49.3,46.01448177899986
2019-02-13,76.3,46.03044479299986
2019-02-14,109.0,46.035898912999855
2019-02-15,133.9,46.04540437199985
2019-02-16,135.3,46.045818386999855
2019-02-17,129.1,46.046160006999855
2019-02-18,138.4,46.05138906199985
2019-02-19,70.5,46.05566238499985
2019-02-20,79.6,46.06405126499985
2019-02-21,67.4,46.07120109699985
2019-02-22,50.4,46.07791090199985
2019-02-23,136.0,46.079380396999845
2019-02-24,135.2,46.079608586999846
2019-02-25,147.1,46.09645323499985
2019-02-26,139.0,46.11745462099985
2019-02-27,158.3,46.15800821999985
2019-02-28,128.7,46.30507771899985
2019-03-01,33.8,46.30903833799985
2019-03-02,37.3,46.30945319299985
2019-03-03,51.5,46.30951834799985
2019-03-04,63.9,46.311144107999844
2019-03-05,74.1,46.313609154999845
2019-03-06,106.0,46.31911023699985
2019-03-07,74.0,46.322534346999845
2019-03-08,88.4,46.32620637099984
2019-03-09,62.8,46.32665728799985
2019-03-10,54.4,46.327598992999846
2019-03-11,70.6,46.33063403299984
2019-03-12,117.5,46.33582503899984
2019-03-13,84.5,46.33937194899984
2019-03-14,36.1,46.342526448999834
2019-03-15,38.3,46.347311908999835
2019-03-16,56.2,46.34762626399983
2019-03-17,109.3,46.34783640899984
2019-03-18,108.0,46.36022901899984
2019-03-19,143.4,46.36781036899984
2019-03-20,170.2,46.37514031299984
2019-03-21,174.8,46.383892803999835
2019-03-22,174.1,46.39419566399983
2019-03-23,164.3,46.39601781699983
2019-03-24,145.6,46.396154261999826
2019-03-25,115.5,46.407203855999825
2019-03-26,91.1,46.42227146599982
2019-03-27,97.4,46.444927250999825
2019-03-28,108.5,46.48508882299982
2019-03-29,185.2,46.574012458999825
2019-03-30,216.4,46.60691548399981
2019-03-31,178.9,46.63302429399982
2019-04-01,226.8,46.63884487099982
2019-04-02,186.6,46.642114125999825
2019-04-03,126.4,46.64626600299982
2019-04-04,112.9,46.65163831499982
2019-04-05,84.2,46.655437514999825
2019-04-06,183.4,46.656242479999825
2019-04-07,198.0,46.65628349999983
2019-04-08,154.2,46.66064020399983
2019-04-09,154.5,46.66485605899983
2019-04-10,163.4,46.669375088999836
2019-04-11,159.1,46.67616582799983
2019-04-12,118.6,46.68159008599983
2019-04-13,130.0,46.683346925999835
2019-04-14,122.1,46.683575785999835
2019-04-15,238.6,46.699601690999835
2019-04-16,234.3,46.70573864699984
2019-04-17,212.9,46.72083915399983
2019-04-18,248.6,46.728671404999844
2019-04-19,252.0,46.73028730999984
2019-04-20,252.2,46.73188217499984
2019-04-21,253.9,46.73192177499984
2019-04-22,250.6,46.732208394999844
2019-04-23,197.9,46.747522584999835
2019-04-24,220.2,46.75646428499984
2019-04-25,224.4,46.77654716199984
2019-04-26,114.4,46.79298107999984
2019-04-27,133.5,46.79410469999983
2019-04-28,141.4,46.79455229499983
2019-04-29,107.9,46.827250100999834
2019-04-30,209.7,46.89922708499983
2019-05-01,198.0,46.90063471499983
2019-05-02,175.3,46.90422448299983
2019-05-03,133.3,46.91085596999984
2019-05-04,123.3,46.91106567499983
2019-05-05,162.2,46.91146726399983
2019-05-06,148.8,46.91491867899983
2019-05-07,185.3,46.92360619099984
2019-05-08,120.6,46.92958119099984
2019-05-09,151.5,46.93403070399983
2019-05-10,153.0,46.938391850999835
2019-05-11,116.1,46.938773920999836
2019-05-12,190.6,46.938898170999835
2019-05-13,252.4,46.947022695999834
2019-05-14,218.1,46.951494150999835
2019-05-15,189.8,46.96627095499983
2019-05-16,102.1,46.96963609999983
2019-05-17,180.7,46.97960418999983
2019-05-18,246.5,46.980473639999836
2019-05-19,219.8,46.98058950999983
2019-05-20,107.1,46.987628184999835
2019-05-21,89.3,46.995174956999826
2019-05-22,107.3,47.00244563099984
2019-05-23,254.1,47.01198502099983
2019-05-24,240.5,47.023819402999834
2019-05-25,183.6,47.02551928099983
2019-05-26,205.5,47.02611827599983
2019-05-27,162.1,47.03885139099983
2019-05-28,128.7,47.062215137999836
2019-05-29,193.9,47.10472218499983
2019-05-30,201.6,47.115222174999836
2019-05-31,177.9,47.16560380199983
2019-06-01,259.0,47.16767625299983
2019-06-02,270.5,47.16783611299983
2019-06-03,223.6,47.17235398299982
2019-06-04,249.8,47.17667945299982
2019-06-05,248.9,47.182903300999826
2019-06-06,142.8,47.18817665599981
2019-06-07,255.4,47.19288215899982
2019-06-08,200.0,47.19343336899982
2019-06-09,235.6,47.19348309399982
2019-06-10,159.6,47.194203503999816
2019-06-11,172.4,47.199062449999815
2019-06-12,147.9,47.20392078599982
2019-06-13,242.9,47.21091485099982
2019-06-14,227.0,47.21913332499982
2019-06-15,201.0,47.220188714999814
2019-06-16,161.4,47.22040758499981
2019-06-17,255.0,47.23551934599981
2019-06-18,252.7,47.25540772299981
2019-06-19,239.7,47.265390105999806
2019-06-20,171.2,47.27102114599981
2019-06-21,216.4,47.279084955999814
2019-06-22,202.2,47.279685057999814
2019-06-23,236.9,47.279861172999816
2019-06-24,274.0,47.28993954299981
2019-06-25,263.0,47.302740167999815
2019-06-26,257.9,47.31401457299981
2019-06-27,253.8,47.332763442999806
2019-06-28,265.7,47.38904202199981
2019-06-29,280.1,47.40774213699982
2019-06-30,268.2,47.42282940599981
2019-07-01,208.4,47.437438009999816
2019-07-02,230.5,47.442819001999815
2019-07-03,241.7,47.45018407499982
2019-07-04,263.1,47.45675301099981
2019-07-05,201.9,47.46220002799981
2019-07-06,195.6,47.46264722299981
2019-07-07,157.5,47.462771752999814
2019-07-08,171.5,47.46762205099981
2019-07-09,187.2,47.473069407999816
2019-07-10,247.4,47.47990359799981
2019-07-11,129.7,47.48626968499981
2019-07-12,150.6,47.49212079199981
2019-07-13,144.2,47.49331951699981
2019-07-14,138.8,47.49353586199981
2019-07-15,156.7,47.50139547699981
2019-07-16,194.9,47.50675632699981
2019-07-17,219.4,47.51766663199981
2019-07-18,228.0,47.52508396499981
2019-07-19,167.0,47.53249835999981
2019-07-20,216.0,47.53331930999982
2019-07-21,202.0,47.53342379999982
2019-07-22,209.4,47.54103462499982
2019-07-23,261.7,47.548396295999815
2019-07-24,256.6,47.559218057999814
2019-07-25,246.8,47.57309073799982
2019-07-26,239.7,47.58559259299982
2019-07-27,188.2,47.58670254299982
2019-07-28,144.7,47.588466467999815
2019-07-29,145.4,47.60607750499982
2019-07-30,184.5,47.634488213999816
2019-07-31,143.6,47.70110997799981
2019-08-01,203.9,47.71692124999981
2019-08-02,172.9,47.72005948799981
2019-08-03,169.1,47.72072497499982
2019-08-04,219.3,47.720773954999814
2019-08-05,151.8,47.734285622999806
2019-08-06,175.5,47.744901706999805
2019-08-07,113.5,47.752904301999806
2019-08-08,209.1,47.7574015219998
2019-08-09,180.1,47.761584241999806
2019-08-10,137.8,47.762378876999804
2019-08-11,216.2,47.7625145369998
2019-08-12,139.9,47.7674834469998
2019-08-13,170.7,47.7735490799998
2019-08-14,212.2,47.7882116989998
2019-08-15,118.1,47.803802153999804
2019-08-16,194.4,47.8149907409998
2019-08-17,104.2,47.8158521359998
2019-08-18,164.2,47.8160276959998
2019-08-19,169.5,47.8218566299998
2019-08-20,115.9,47.8293251379998
2019-08-21,210.4,47.8370892869998
2019-08-22,228.0,47.844292011999805
2019-08-23,223.3,47.8513807219998
2019-08-24,220.7,47.8528928319998
2019-08-25,209.4,47.8530724469998
2019-08-26,204.6,47.8639633459998
2019-08-27,200.7,47.875664402999796
2019-08-28,180.6,47.90005301699979
2019-08-29,155.6,47.9529824479998
2019-08-30,200.8,48.0109664889998
2019-08-31,216.5,48.0391159449998
2019-09-01,143.9,48.0406840699998
2019-09-02,167.0,48.0462635219998
2019-09-03,175.1,48.0500716569998
2019-09-04,202.5,48.058252276999795
2019-09-05,127.9,48.06289981599979
2019-09-06,162.5,48.06943232999979
2019-09-07,95.5,48.0697182249998
2019-09-08,95.1,48.069811122999795
2019-09-09,74.7,48.07443697699979
2019-09-10,179.3,48.0807367689998
2019-09-11,176.6,48.0864205879998
2019-09-12,143.1,48.095505483999794
2019-09-13,136.6,48.1037193419998
2019-09-14,192.8,48.104944976999796
2019-09-15,186.8,48.105291161999794
2019-09-16,107.7,48.111424248999796
2019-09-17,128.3,48.117115883999794
2019-09-18,180.2,48.1251906059998
2019-09-19,186.5,48.13288347599979
2019-09-20,180.3,48.1432791719998
2019-09-21,202.7,48.1566970119998
2019-09-22,166.6,48.1571062919998
2019-09-23,84.5,48.1637887189998
2019-09-24,104.4,48.1721529489998
2019-09-25,84.4,48.1825682239998
2019-09-26,71.8,48.1936700769998
2019-09-27,76.8,48.2253919619998
2019-09-28,109.9,48.2336049319998
2019-09-29,101.2,48.2360489769998
2019-09-30,100.2,48.3267293879998
2019-10-01,84.2,48.3316397369998
2019-10-02,87.1,48.343942076999795
2019-10-03,90.1,48.344137696999795
2019-10-04,50.0,48.345715281999794
2019-10-05,66.3,48.34633764499979
2019-10-06,70.5,48.346435089999794
2019-10-07,105.8,48.354501699999794
2019-10-08,41.4,48.36056387099979
2019-10-09,58.7,48.365328785999786
2019-10-10,86.3,48.37924394999978
2019-10-11,89.3,48.38857253499979
2019-10-12,124.1,48.38933896999979
2019-10-13,123.7,48.38944706499979
2019-10-14,141.2,48.39472730399979
2019-10-15,107.4,48.40175512299979
2019-10-16,85.9,48.40680158099978
2019-10-17,83.2,48.43404776499978
2019-10-18,82.8,48.439786077999784
2019-10-19,48.3,48.44736529999979
2019-10-20,75.4,48.447710360999785
2019-10-21,62.7,48.45496832699978
2019-10-22,76.3,48.46624049299979
2019-10-23,72.1,48.481013988999784
2019-10-24,68.2,48.497899615999785
2019-10-25,88.0,48.51244882099978
2019-10-26,107.4,48.52109449599977
2019-10-27,65.3,48.521451762999774
2019-10-28,74.5,48.53476973299978
2019-10-29,63.3,48.58160185299977
2019-10-30,84.5,48.651517635999774
2019-10-31,108.2,48.71111674199977
2019-11-01,40.4,48.71497382199977
2019-11-02,43.7,48.71534974699976
2019-11-03,37.4,48.715484696999766
2019-11-04,50.2,48.720128913999766
2019-11-05,38.2,48.72490275399977
2019-11-06,33.5,48.73164441399977
2019-11-07,58.7,48.73594222699977
2019-11-08,35.0,48.74142328299977
2019-11-09,32.8,48.74207293799977
2019-11-10,67.3,48.742193917999764
2019-11-11,41.3,48.74741463999977
2019-11-12,38.7,48.75244207099977
2019-11-13,32.1,48.75705952399977
2019-11-14,74.9,48.76676051799978
2019-11-15,26.5,48.77421730199978
2019-11-16,34.6,48.77543196199978
2019-11-17,21.6,48.77579740199977
2019-11-18,31.2,48.78104906199977
2019-11-19,39.2,48.78732792699977
2019-11-20,23.2,48.79333493899978
2019-11-21,20.5,48.80107599599977
2019-11-22,31.7,48.80840781499977
2019-11-23,50.8,48.80943075499976
2019-11-24,41.0,48.80961043499976
2019-11-25,14.9,48.81632081599976
2019-11-26,23.9,48.82716717099976
2019-11-27,17.6,48.84042980399976
2019-11-28,26.5,48.86278216999976
2019-11-29,32.8,48.89197674499976
2019-11-30,50.0,48.92035345999977
2019-12-01,22.8,48.92206963999976
2019-12-02,32.9,48.92563488999976
2019-12-03,36.3,48.930765808999766
2019-12-04,62.2,48.93751252899976
2019-12-05,49.0,48.94668686099976
2019-12-06,33.0,48.95127570999976
2019-12-07,20.3,48.95166344999977
2019-12-08,25.4,48.95192446499976
2019-12-09,31.2,48.95627073899976
2019-12-10,47.6,48.97116950399977
2019-12-11,22.7,48.97561443599976
2019-12-12,17.5,48.98320361099976
2019-12-13,17.9,48.98878659499975
2019-12-14,23.8,48.98947990399975
2019-12-15,29.8,49.000452138999755
2019-12-16,29.7,49.01796225199975
2019-12-17,35.3,49.03199406899975
2019-12-18,32.1,49.07248412799976
2019-12-19,45.0,49.08632933199976
2019-12-20,29.3,49.109750628999755
2019-12-21,33.3,49.11160385899975
2019-12-22,16.8,49.11165616899975
2019-12-23,17.6,49.13497807399976
2019-12-24,19.9,49.135118878999755
2019-12-25,14.2,49.13515703899975
2019-12-26,28.9,49.135453538999755
2019-12-27,22.2,49.14390970899975
2019-12-28,38.4,49.144940073999756
2019-12-29,58.1,49.14519944399975
2019-12-30,56.4,49.16386948399975
2019-12-31,38.7,49.16799755899976
2020-01-01,54.0,49.17434260799976
2020-01-02,42.1,49.20106605399976
2020-01-03,19.4,49.21070077199976
2020-01-04,13.9,49.212598876999756
2020-01-05,26.4,49.21302329699976
2020-01-06,40.4,49.22529813899976
2020-01-07,16.2,49.24777183199976
2020-01-08,10.3,49.26575473099976
2020-01-09,25.8,49.27751896199976
2020-01-10,32.5,49.294539291999754
2020-01-11,39.2,49.29508468199976
2020-01-12,36.4,49.295298361999755
2020-01-13,28.2,49.30611258499975
2020-01-14,40.6,49.31627352899975
2020-01-15,68.1,49.33440187999976
2020-01-16,69.8,49.344247453999756
2020-01-17,59.3,49.35975728899976
2020-01-18,31.9,49.36128470399976
2020-01-19,32.6,49.36184221899976
2020-01-20,47.9,49.398681637999765
2020-01-21,68.7,49.41408275699976
2020-01-22,26.8,49.43151260699977
2020-01-23,30.6,49.44524820399976
2020-01-24,49.6,49.46346646099976
2020-01-25,30.4,49.46503512599976
2020-01-26,39.8,49.46517615099976
2020-01-27,42.4,49.48714210599976
2020-01-28,26.6,49.51888504099976
2020-01-29,26.6,49.54640303299976
2020-01-30,48.9,49.59612794099976
2020-01-31,37.7,49.68585086599976
2020-02-01,34.7,49.68862128099976
2020-02-02,18.7,49.68882215599975
2020-02-03,22.8,49.69960678299976
2020-02-04,51.5,49.73084366299976
2020-02-05,92.2,49.74680384299975
2020-02-06,66.8,49.75173185899976
2020-02-07,81.1,49.755917498999764
2020-02-08,92.7,49.75660200299976
2020-02-09,84.7,49.75665172299976
2020-02-10,58.2,49.76086947499975
2020-02-11,55.5,49.76595221099976
2020-02-12,56.0,49.77087639799975
2020-02-13,44.6,49.77853729299976
2020-02-14,36.5,49.78552322199975
2020-02-15,101.5,49.78671593199976
2020-02-16,46.6,49.78683919199976
2020-02-17,48.2,49.79324199199976
2020-02-18,73.2,49.80055616799976
2020-02-19,61.1,49.80941489499975
2020-02-20,49.7,49.81933336599975
2020-02-21,100.3,49.829205113999755
2020-02-22,83.6,49.83066639899975
2020-02-23,21.3,49.83085625899975
2020-02-24,46.2,49.85296097699975
2020-02-25,65.9,49.866238871999755
2020-02-26,60.7,49.878671261999756
2020-02-27,53.3,49.90110200099976
2020-02-28,86.0,49.96641396099976
2020-02-29,78.1,49.98639121199976
2020-03-01,105.1,49.988363956999756
2020-03-02,103.4,49.99469377599975
2020-03-03,74.3,50.00020267999975
2020-03-04,90.3,50.006326785999754
2020-03-05,82.0,50.01272214199975
2020-03-06,38.7,50.02495175499975
2020-03-07,74.6,50.026655885999745
2020-03-08,111.2,50.026890560999746
2020-03-09,83.4,50.04383567899974
2020-03-10,32.3,50.05076365799975
2020-03-11,85.1,50.05669972099975
2020-03-12,119.1,50.06343854899975
2020-03-13,126.0,50.07112703599975
2020-03-14,158.4,50.072213415999755
2020-03-15,186.1,50.07281528599975
2020-03-16,187.4,50.08357465599975
2020-03-17,124.0,50.098276403999755
2020-03-18,173.2,50.11315754999975
2020-03-19,153.9,50.122788723999754
2020-03-20,111.9,50.13307725899975
2020-03-21,96.3,50.13533721899975
2020-03-22,223.9,50.13575034399975
2020-03-23,241.4,50.14686448499975
2020-03-24,238.6,50.15584292799976
2020-03-25,237.9,50.16735740199975
2020-03-26,200.2,50.18867317699976
2020-03-27,220.2,50.21755605799976
2020-03-28,223.2,50.22190817799975
2020-03-29,84.1,50.22255675499975
2020-03-30,174.6,50.26489959399975
2020-03-31,189.9,50.34996191399975
2020-04-01,224.9,50.35879833999975
2020-04-02,203.3,50.36452993799975
2020-04-03,145.9,50.37184457199975
2020-04-04,224.1,50.37340818999976
2020-04-05,253.5,50.37359765999975
2020-04-06,249.3,50.38089487399975
2020-04-07,237.9,50.40196194299975
2020-04-08,240.0,50.41071180599975
2020-04-09,223.9,50.425735989999744
2020-04-10,238.1,50.42631245099975
2020-04-11,249.3,50.42713014699976
2020-04-12,223.7,50.42726954699975
2020-04-13,173.9,50.42765062699975
2020-04-14,198.1,50.436072734999755
2020-04-15,245.3,50.44555831699976
2020-04-16,243.9,50.453170598999755
2020-04-17,244.2,50.46134703999975
2020-04-18,206.4,50.463341934999754
2020-04-19,224.6,50.46384558999976
2020-04-20,268.2,50.47509704499976
2020-04-21,269.4,50.493834297999754
2020-04-22,278.0,50.507882875999755
2020-04-23,271.7,50.528909047999754
2020-04-24,232.9,50.54547675999975
2020-04-25,224.9,50.549311818999755
2020-04-26,250.1,50.556893998999755
2020-04-27,237.2,50.57752028399975
2020-04-28,157.0,50.60191182399975
2020-04-29,123.2,50.63456767099975
2020-04-30,133.0,50.73317554499975
2020-05-01,158.7,50.73554686999975
2020-05-02,153.4,50.735978509999754
2020-05-03,188.1,50.73614936499975
2020-05-04,148.4,50.74334297199975
2020-05-05,212.5,50.75704029999975
2020-05-06,279.6,50.78855899799975
2020-05-07,269.2,50.80711336899975
2020-05-08,268.4,50.81501671899975
2020-05-09,215.5,50.81612930699975
2020-05-10,173.5,50.81706413699975
2020-05-11,87.9,50.826533285999744
2020-05-12,226.5,50.835097954999746
2020-05-13,157.0,50.85425052899974
2020-05-14,183.8,50.86932440999975
2020-05-15,197.5,50.87960734699974
2020-05-16,255.6,50.88146019399974
2020-05-17,268.2,50.88193692399974
2020-05-18,257.3,50.892782741999746
2020-05-19,240.7,50.92106884199975
2020-05-20,189.5,50.935222018999745
2020-05-21,282.9,50.93586725599975
2020-05-22,164.7,50.94688019099976
2020-05-23,118.7,50.94988842399976
2020-05-24,190.4,50.95060110099976
2020-05-25,164.3,50.96482063399976
2020-05-26,241.2,50.98838959799976
2020-05-27,271.4,51.026228908999755
2020-05-28,256.9,51.08862623499976
2020-05-29,260.2,51.15333316499976
2020-05-30,235.5,51.195768807999755
2020-05-31,251.7,51.21123601799975
2020-06-01,307.9,51.28022418499976
2020-06-02,293.3,51.289523771999754
2020-06-03,247.6,51.29805134199975
2020-06-04,108.6,51.30504810999975
2020-06-05,150.6,51.312611796999754
2020-06-06,173.5,51.313586082999755
2020-06-07,140.1,51.31426949299974
2020-06-08,192.6,51.32463595799975
2020-06-09,137.1,51.33214654999975
2020-06-10,122.4,51.34453827199975
2020-06-11,134.6,51.34956445499975
2020-06-12,264.8,51.35811590299975
2020-06-13,235.6,51.35979219799975
2020-06-14,93.5,51.36023743199975
2020-06-15,145.9,51.37308118499975
2020-06-16,173.5,51.382184679999746
2020-06-17,200.2,51.39222949199974
2020-06-18,182.3,51.40420853299975
2020-06-19,162.5,51.419867899999744
2020-06-20,180.6,51.42313580999974
2020-06-21,240.0,51.42342688999974
2020-06-22,239.7,51.43647179099974
2020-06-23,296.3,51.446773632999744
2020-06-24,285.7,51.47229583099974
2020-06-25,246.7,51.49341549799974
2020-06-26,265.6,51.52034120799974
2020-06-27,241.2,51.527820664999744
2020-06-28,175.1,51.530222747999744
2020-06-29,203.5,51.57064466699975
2020-06-30,221.9,51.66981108299974
2020-07-01,216.3,51.69457079099974
2020-07-02,189.7,51.703286901999746
2020-07-03,217.0,51.71042538399974
2020-07-04,221.6,51.711432708999745
2020-07-05,179.0,51.71163338899975
2020-07-06,218.1,51.718901626999745
2020-07-07,236.2,51.725511821999746
2020-07-08,155.5,51.74295359699975
2020-07-09,177.0,51.75505442299974
2020-07-10,180.8,51.76491395299974
2020-07-11,205.5,51.76571700599975
2020-07-12,257.2,51.766349060999744
2020-07-13,286.9,51.77585546599975
2020-07-14,226.7,51.786710928999746
2020-07-15,134.7,51.80057962899974
2020-07-16,114.4,51.810953471999746
2020-07-17,191.0,51.828004963999746
2020-07-18,229.2,51.829879272999754
2020-07-19,240.5,51.83063045499974
2020-07-20,228.3,51.84452479699974
2020-07-21,252.2,51.85438064999975
2020-07-22,256.6,51.86890722899975
2020-07-23,253.3,51.88211328199975
2020-07-24,194.0,51.912872143999756
2020-07-25,196.7,51.91728152099975
2020-07-26,176.0,51.917830275999755
2020-07-27,212.1,51.93377649699976
2020-07-28,210.1,51.94827649699976
2020-07-29,252.6,51.96962858099976
2020-07-30,275.2,52.01984406499975
2020-07-31,277.7,52.09250370599975
2020-08-01,226.3,52.09631136599975
2020-08-02,124.1,52.09657169599975
2020-08-03,147.0,52.10827092599974
2020-08-04,164.0,52.12116699099975
2020-08-05,266.6,52.12789550899974
2020-08-06,275.9,52.14021334799974
2020-08-07,265.9,52.14723825699974
2020-08-08,255.9,52.14860309699975
2020-08-09,226.9,52.14880978399975
2020-08-10,215.2,52.15461486099975
2020-08-11,230.4,52.16522187399975
2020-08-12,238.7,52.17265393799975
2020-08-13,157.7,52.179511711999744
2020-08-14,150.9,52.19926281899975
2020-08-15,172.9,52.20052683399974
2020-08-16,233.2,52.20080881399974
2020-08-17,159.8,52.20933070499974
2020-08-18,177.9,52.21728832299975
2020-08-19,227.9,52.22673392399975
2020-08-20,206.4,52.23521959299975
2020-08-21,200.7,52.246783447999746
2020-08-22,130.0,52.248522437999746
2020-08-23,169.4,52.24871753299975
2020-08-24,156.5,52.26928892899975
2020-08-25,172.6,52.29882406099974
2020-08-26,148.6,52.31540388699974
2020-08-27,169.0,52.35028574299974
2020-08-28,139.6,52.39596574799974
2020-08-29,130.9,52.400604602999735
2020-08-30,95.8,52.406981919999744
2020-08-31,129.1,52.49239415499974
2020-09-01,139.6,52.500054150999745
2020-09-02,183.7,52.50749568199974
2020-09-03,168.3,52.51501314899974
2020-09-04,165.9,52.52274212199974
2020-09-05,131.1,52.52377685299974
2020-09-06,158.5,52.52396024299974
2020-09-07,193.6,52.53171955199974
2020-09-08,187.2,52.54321965399974
2020-09-09,185.1,52.56652710999974
2020-09-10,174.2,52.578328012999734
2020-09-11,195.8,52.588182136999734
2020-09-12,198.4,52.58959730599973
2020-09-13,208.6,52.59007982599974
2020-09-14,215.4,52.600590564999735
2020-09-15,208.7,52.61304727599974
2020-09-16,171.9,52.62411621099974
2020-09-17,182.8,52.632071551999736
2020-09-18,217.5,52.65251270499974
2020-09-19,205.5,52.653801766999734
2020-09-20,210.0,52.654443051999735
2020-09-21,203.6,52.66500108199973
2020-09-22,188.3,52.67474767799974
2020-09-23,127.8,52.68754692399973
2020-09-24,140.7,52.70874761399973
2020-09-25,69.0,52.72685750399973
2020-09-26,38.9,52.72923228899973
2020-09-27,102.7,52.73044965899973
2020-09-28,118.5,52.75889290799972
2020-09-29,94.3,52.78570184899972
2020-09-30,122.7,52.88104796099973
2020-10-01,125.3,52.89118175099973
2020-10-02,107.6,52.897612863999726
2020-10-03,85.1,52.897903391999726
2020-10-04,136.3,52.89800565199972
2020-10-05,80.6,52.905080066999716
2020-10-06,69.3,52.91143454999972
2020-10-07,78.2,52.92322459399972
2020-10-08,80.3,52.94093862899972
2020-10-09,82.9,52.95016447399971
2020-10-10,76.0,52.951387293999716
2020-10-11,93.1,52.951604123999715
2020-10-12,78.5,52.95951141199971
2020-10-13,94.8,52.96819046599972
2020-10-14,47.0,52.98489591899972
2020-10-15,35.9,53.009870077999715
2020-10-16,48.3,53.01972389299972
2020-10-17,58.9,53.02098145799971
2020-10-18,75.1,53.02138390799972
2020-10-19,85.6,53.032481369999715
2020-10-20,78.3,53.04256149799971
2020-10-21,60.7,53.05394288999971
2020-10-22,91.2,53.077402866999705
2020-10-23,44.9,53.09205672799971
2020-10-24,79.8,53.094252920999715
2020-10-25,86.7,53.095640281999714
2020-10-26,26.4,53.11074658599971
2020-10-27,66.6,53.12835000299972
2020-10-28,64.3,53.14653313699972
2020-10-29,55.6,53.18276567899972
2020-10-30,23.3,53.25673794999972
2020-10-31,76.4,53.301575539999725
2020-11-01,30.5,53.30385919299972
2020-11-02,51.0,53.31049614299972
2020-11-03,58.7,53.31694418099972
2020-11-04,70.6,53.332658556999725
2020-11-05,96.3,53.34256653399973
2020-11-06,82.8,53.37135775799973
2020-11-07,99.8,53.372475892999724
2020-11-08,83.4,53.372759632999724
2020-11-09,59.2,53.38670210799973
2020-11-10,36.0,53.397158776999724
2020-11-11,24.2,53.48117758499973
2020-11-12,42.8,53.48940376299973
2020-11-13,62.5,53.49806284699972
2020-11-14,75.4,53.50154194499973
2020-11-15,71.0,53.50219026799972
2020-11-16,44.6,53.54068147099973
2020-11-17,40.2,53.55054161999972
2020-11-18,76.4,53.56214923099973
2020-11-19,27.3,53.58909660399973
2020-11-20,55.7,53.60366481199973
2020-11-21,54.2,53.60544236699972
2020-11-22,48.7,53.60610454899972
2020-11-23,47.9,53.61839179299972
2020-11-24,38.8,53.64122110899972
2020-11-25,43.7,53.65468336399973
2020-11-26,26.7,53.694818006999725
2020-11-27,36.6,53.73189574899972
2020-11-28,28.4,53.738284173999716
2020-11-29,44.4,53.74202453899972
2020-11-30,50.5,53.81169146599972
2020-12-01,9.6,53.81921405699972
2020-12-02,19.6,53.82557580999972
2020-12-03,14.4,53.84151268099971
2020-12-04,22.7,53.85764461099972
2020-12-05,25.5,53.85925093099972
2020-12-06,16.9,53.86028643599972
2020-12-07,18.5,53.880218516999726
2020-12-08,35.1,53.898094476999724
2020-12-09,9.0,53.93057577599972
2020-12-10,9.0,53.95077803699973
2020-12-11,15.6,53.96076267399973
2020-12-12,13.8,53.96197667899973
2020-12-13,13.0,53.96269375399973
2020-12-14,33.9,53.99910995799974
2020-12-15,15.8,54.02452850099973
2020-12-16,33.8,54.05532863099973
2020-12-17,26.7,54.16103780499974
2020-12-18,49.1,54.19363029299974
2020-12-19,43.4,54.196737437999744
2020-12-20,23.3,54.19893489299974
2020-12-21,27.0,54.22031798699973
2020-12-22,15.8,54.25727878999974
2020-12-23,12.1,54.27441217099973
2020-12-24,18.6,54.27541008599973
2020-12-25,25.3,54.275471195999735
2020-12-26,31.4,54.27554136099973
2020-12-27,24.7,54.27561817599973
2020-12-28,19.1,54.284886315999735
2020-12-29,25.6,54.300820070999734
2020-12-30,37.1,54.31222329999974
2020-12-31,40.8,54.32449774499974
2021-01-01,22.4,54.33404599899974
2021-01-02,16.5,54.342398268999744
2021-01-03,6.9,54.34375239199975
2021-01-04,5.6,54.367834984999746
2021-01-05,6.2,54.37654197199975
2021-01-06,7.4,54.38129388899975
2021-01-07,8.3,54.39160590599975
2021-01-08,9.5,54.39989599899975
2021-01-09,15.9,54.40137145399975
2021-01-10,29.6,54.402745235999745
2021-01-11,22.5,54.420047630999754
2021-01-12,12.2,54.433484510999754
2021-01-13,24.4,54.45152205099975
2021-01-14,12.8,54.47094673299975
2021-01-15,22.9,54.48597046599975
2021-01-16,15.4,54.487025810999754
2021-01-17,15.1,54.487213300999755
2021-01-18,12.0,54.500571625999754
2021-01-19,11.7,54.50884341299975
2021-01-20,37.0,54.52851365199975
2021-01-21,44.1,54.54540267199975
2021-01-22,40.7,54.55617199499976
2021-01-23,24.1,54.557287711999756
2021-01-24,25.1,54.557726561999765
2021-01-25,27.1,54.57001540199976
2021-01-26,23.2,54.58846276499976
2021-01-27,23.6,54.60409942799976
2021-01-28,15.5,54.62841604399976
2021-01-29,30.7,54.68701149399977
2021-01-30,24.2,54.704334993999765
2021-01-31,44.2,54.72379456399976
2021-02-01,28.6,54.731007666999766
2021-02-02,24.0,54.80951057599977
2021-02-03,16.6,54.81841124399976
2021-02-04,64.7,54.828247910999764
2021-02-05,33.4,54.83542065399977
2021-02-06,22.7,54.836647351999765
2021-02-07,16.0,54.83680378199977
2021-02-08,21.6,54.846743121999765
2021-02-09,11.8,54.85142401899977
2021-02-10,14.8,54.857160154999775
2021-02-11,29.8,54.86473416199977
2021-02-12,49.7,54.86808222599977
2021-02-13,64.8,54.86862347099977
2021-02-14,76.3,54.86895478599977
2021-02-15,36.0,54.87876449599977
2021-02-16,41.8,54.884101482999775
2021-02-17,63.6,54.89131056299977
2021-02-18,100.0,54.901088783999775
2021-02-19,112.8,54.908843225999775
2021-02-20,144.6,54.91026115799977
2021-02-21,159.6,54.91082903299977
2021-02-22,132.2,54.94712890399976
2021-02-23,132.7,54.95828710999977
2021-02-24,151.9,54.97989872799977
2021-02-25,162.8,55.00001969099977
2021-02-26,98.1,55.06799603199977
2021-02-27,104.7,55.08852149699977
2021-02-28,156.0,55.11666726699977
2021-03-01,148.7,55.12856727199978
2021-03-02,182.2,55.14267861499978
2021-03-03,126.2,55.15428430099978
2021-03-04,76.0,55.164514071999776
2021-03-05,119.2,55.184522572999775
2021-03-06,176.1,55.18579880999978
2021-03-07,141.8,55.18649930499978
2021-03-08,163.0,55.19704853399978
2021-03-09,117.3,55.20453928599977
2021-03-10,107.8,55.21997653299977
2021-03-11,66.3,55.23184161499978
2021-03-12,127.1,55.24060666399978
2021-03-13,74.1,55.242458333999785
2021-03-14,93.2,55.243378008999784
2021-03-15,85.9,55.26297752199977
2021-03-16,96.5,55.27564411699978
2021-03-17,94.3,55.28719735999977
2021-03-18,118.8,55.30715932699977
2021-03-19,116.1,55.32654387999978
2021-03-20,151.0,55.32830121499978
2021-03-21,79.0,55.328574288999775
2021-03-22,109.3,55.34104844099978
2021-03-23,82.5,55.36330084799978
2021-03-24,212.5,55.42287469299978
2021-03-25,193.8,55.449420697999784
2021-03-26,203.3,55.48879109399978
2021-03-27,136.9,55.49390106999978
2021-03-28,177.2,55.497075424999785
2021-03-29,216.5,55.54856453599978
2021-03-30,252.9,55.64487549899978
2021-03-31,249.2,55.80066902599979
2021-04-01,189.7,55.81145677799978
2021-04-02,174.7,55.812101392999786
2021-04-03,181.0,55.81303654299978
2021-04-04,201.8,55.81317587299978
2021-04-05,113.6,55.81438623099979
2021-04-06,138.2,55.820544353999786
2021-04-07,102.2,55.82649055799979
2021-04-08,146.3,55.83365117499979
2021-04-09,203.3,55.84472588099979
2021-04-10,127.2,55.846377926999786
2021-04-11,153.0,55.846543136999784
2021-04-12,124.6,55.859338321999786
2021-04-13,189.3,55.871744165999786
2021-04-14,187.0,55.88049125699978
2021-04-15,189.5,55.89621005399979
2021-04-16,165.0,55.90608564199978
2021-04-17,147.3,55.908931941999775
2021-04-18,119.3,55.90922107199978
2021-04-19,151.5,55.92068351299978
2021-04-20,227.7,55.93390744199978
2021-04-21,238.7,56.04205057699978
2021-04-22,237.5,56.069958832999774
2021-04-23,277.4,56.12497867399977
2021-04-24,270.5,56.13417577899976
2021-04-25,266.9,56.134587303999766
2021-04-26,291.6,56.17417778199977
2021-04-27,308.1,56.208870910999764
2021-04-28,273.3,56.25419850799977
2021-04-29,139.7,56.322112217999766
2021-04-30,141.1,56.40508083899977
2021-05-01,147.0,56.40833770899977
2021-05-02,132.0,56.408719168999774
2021-05-03,219.9,56.41988948699977
2021-05-04,141.8,56.43227341299977
2021-05-05,183.8,56.44438437199977
2021-05-06,151.8,56.456744879999775
2021-05-07,187.1,56.47865178999977
2021-05-08,255.2,56.48057740499977
2021-05-09,290.4,56.48097909499977
2021-05-10,218.0,56.50068341899977
2021-05-11,144.3,56.53711606699977
2021-05-12,105.5,56.54988435699977
2021-05-13,136.8,56.55042002199976
2021-05-14,187.6,56.556474634999766
2021-05-15,188.8,56.560859919999764
2021-05-16,205.8,56.56127107799976
2021-05-17,196.0,56.57386369399976
2021-05-18,187.4,56.58935680999976
2021-05-19,214.8,56.60401331199976
2021-05-20,222.6,56.619166203999754
2021-05-21,180.8,56.63798710899975
2021-05-22,205.4,56.63985572899975
2021-05-23,213.2,56.64014699399975
2021-05-24,208.2,56.64270379899975
2021-05-25,188.1,56.656497286999745
2021-05-26,149.4,56.69633892399975
2021-05-27,150.8,56.71610578299975
2021-05-28,223.2,56.742404592999755
2021-05-29,252.1,56.74788574099975
2021-05-30,313.6,56.75175685099975
2021-05-31,326.7,56.80327779799975
2021-06-01,311.9,56.81452001299975
2021-06-02,306.9,56.82592258299975
2021-06-03,260.3,56.82920251699975
2021-06-04,222.4,56.852592922999754
2021-06-05,196.5,56.853773767999755
2021-06-06,131.5,56.85413120799975
2021-06-07,197.1,56.92184480099975
2021-06-08,237.1,56.941006179999754
2021-06-09,262.8,56.95261028199975
2021-06-10,277.1,56.97601682099975
2021-06-11,291.6,56.986699132999746
2021-06-12,217.1,56.989100217999756
2021-06-13,293.8,56.98937072799975
2021-06-14,333.2,57.00212495299975
2021-06-15,291.6,57.02780606399975
2021-06-16,309.3,57.04568062899975
2021-06-17,312.9,57.058290926999746
2021-06-18,297.7,57.06978749699975
2021-06-19,286.7,57.071674421999745
2021-06-20,220.6,57.072485146999746
2021-06-21,247.4,57.088332853999745
2021-06-22,179.7,57.10130037799974
2021-06-23,199.7,57.11525677599975
2021-06-24,168.9,57.12726369099975
2021-06-25,200.4,57.14359114999974
2021-06-26,269.3,57.14628652999975
2021-06-27,283.4,57.14681543999974
2021-06-28,265.9,57.17706678399974
2021-06-29,188.6,57.205981982999745
2021-06-30,143.0,57.25777295799975
2021-07-01,105.0,57.27601045299974
2021-07-02,209.8,57.28472953499974
2021-07-03,279.2,57.28593949699974
2021-07-04,212.9,57.286211561999735
2021-07-05,180.6,57.312155711999736
2021-07-06,214.1,57.32106318999974
2021-07-07,177.2,57.338104602999735
2021-07-08,133.8,57.36264622399974
2021-07-09,129.3,57.39476231699974
2021-07-10,254.6,57.39655214399974
2021-07-11,195.0,57.396902183999735
2021-07-12,253.4,57.40691817399974
2021-07-13,158.3,57.42085507399974
2021-07-14,134.1,57.43360745499974
2021-07-15,190.9,57.46764489199973
2021-07-16,214.8,57.501591527999736
2021-07-17,181.8,57.503254681999735
2021-07-18,275.5,57.50356505599973
2021-07-19,229.9,57.532344642999725
2021-07-20,246.0,57.552979979999726
2021-07-21,239.7,57.56465699099973
2021-07-22,245.7,57.57981444299973
2021-07-23,264.1,57.59389561799973
2021-07-24,209.8,57.595931592999726
2021-07-25,207.1,57.59682615799973
2021-07-26,216.4,57.61779438899973
2021-07-27,223.8,57.63570669199972
2021-07-28,172.8,57.68262569699973
2021-07-29,242.2,57.72582339699973
2021-07-30,276.4,57.76798338699973
2021-07-31,214.9,57.78027295699973
2021-08-01,157.6,57.78349842199974
2021-08-02,201.2,57.79253637899974
2021-08-03,183.3,57.806597393999745
2021-08-04,171.1,57.82143011499974
2021-08-05,186.2,57.83984360699974
2021-08-06,194.5,57.857797475999746
2021-08-07,173.4,57.85909926299974
2021-08-08,189.2,57.85935020299974
2021-08-09,224.9,57.867257907999736
2021-08-10,212.0,57.884580049999734
2021-08-11,245.3,57.898800713999734
2021-08-12,257.9,57.93178015399973
2021-08-13,238.4,57.94093937499973
2021-08-14,265.6,57.941968844999735
2021-08-15,233.7,57.94256610799973
2021-08-16,137.0,57.96319382899973
2021-08-17,153.7,57.97990810499972
2021-08-18,122.5,57.990648499999736
2021-08-19,117.1,58.004579770999726
2021-08-20,177.5,58.02317183899973
2021-08-21,232.4,58.02939821899973
2021-08-22,112.7,58.029811715999735
2021-08-23,137.5,58.04041165199973
2021-08-24,188.8,58.05414709199973
2021-08-25,229.8,58.08577446999973
2021-08-26,138.8,58.10662667499973
2021-08-27,134.2,58.12598670999973
2021-08-28,122.8,58.13015732499973
2021-08-29,78.2,58.13077346499973
2021-08-30,112.2,58.15302900199973
2021-08-31,155.3,58.191347578999725
2021-09-01,207.0,58.21664566099973
2021-09-02,234.1,58.233326012999726
2021-09-03,255.7,58.24727163899973
2021-09-04,217.0,58.24864480999973
2021-09-05,233.5,58.24891424999973
2021-09-06,234.2,58.258825505999724
2021-09-07,204.3,58.277595508999724
2021-09-08,245.4,58.28913315599972
2021-09-09,221.3,58.30331913499972
2021-09-10,175.9,58.313887059999715
2021-09-11,130.6,58.31592044999972
2021-09-12,173.9,58.31625615999972
2021-09-13,182.8,58.325588121999715
2021-09-14,206.8,58.36300863599971
2021-09-15,76.0,58.37643039499972
2021-09-16,92.1,58.39826632099972
2021-09-17,110.5,58.41092876199972
2021-09-18,150.3,58.412740886999714
2021-09-19,116.1,58.413100261999716
2021-09-20,99.8,58.42485869899972
2021-09-21,129.8,58.43542947399971
2021-09-22,158.7,58.44960315099972
2021-09-23,182.0,58.48269791899971
2021-09-24,125.4,58.49880935199971
2021-09-25,162.2,58.50299796199972
2021-09-26,144.8,58.503351471999714
2021-09-27,118.2,58.528728612999714
2021-09-28,127.5,58.56252204299971
2021-09-29,100.6,58.60357656399971
2021-09-30,174.0,58.66116553399971
2021-10-01,193.8,58.68001062299971
2021-10-02,149.5,58.68592238999971
2021-10-03,93.1,58.68994673499971
2021-10-04,67.6,58.71773702199971
2021-10-05,64.6,58.72878363999971
2021-10-06,100.6,58.74070397799971
2021-10-07,124.5,58.76172905099971
2021-10-08,131.4,58.7724427219997
2021-10-09,194.1,58.7751020439997
2021-10-10,186.7,58.7757136089997
2021-10-11,117.7,58.7865158059997
2021-10-12,71.9,58.80665082299969
2021-10-13,116.5,58.8172353889997
2021-10-14,62.6,58.83037222499969
2021-10-15,110.6,58.84478805099969
2021-10-16,116.2,58.847059450999694
2021-10-17,86.8,58.84758525599969
2021-10-18,104.1,58.86009040499969
2021-10-19,49.0,58.873239370999684
2021-10-20,87.3,58.88729039699968
2021-10-21,82.6,58.90903291699969
2021-10-22,102.8,58.92321557199969
2021-10-23,111.6,58.92614596199969
2021-10-24,165.2,58.926556326999695
2021-10-25,110.4,58.94228186199969
2021-10-26,70.6,58.98325029099969
2021-10-27,74.6,59.002394698999694
2021-10-28,113.5,59.03918518899969
2021-10-29,106.2,59.06576051599969
2021-10-30,72.0,59.07334978899969
2021-10-31,109.0,59.08354196399969
2021-11-01,40.7,59.09050309499969
2021-11-02,66.3,59.099598382999694
2021-11-03,50.5,59.111156315999686
2021-11-04,22.3,59.12375951099968
2021-11-05,42.0,59.139930593999686
2021-11-06,67.9,59.14194622399969
2021-11-07,49.5,59.14218878399969
2021-11-08,61.6,59.15616121999969
2021-11-09,110.0,59.17101283299968
2021-11-10,75.6,59.19258175799968
2021-11-11,69.9,59.20649183399968
2021-11-12,39.7,59.21850222099968
2021-11-13,25.0,59.22090792599968
2021-11-14,26.6,59.22124418599967
2021-11-15,15.4,59.24219317099968
2021-11-16,12.6,59.25812217799968
2021-11-17,15.7,59.268895074999676
2021-11-18,37.0,59.29139612799968
2021-11-19,26.4,59.30241029099968
2021-11-20,20.5,59.30451363099968
2021-11-21,29.1,59.30510736599968
2021-11-22,45.0,59.31903079399969
2021-11-23,60.5,59.33262100399969
2021-11-24,33.4,59.348954591999686
2021-11-25,17.4,59.363319441999685
2021-11-26,20.6,59.38293157699969
2021-11-27,23.8,59.385673376999684
2021-11-28,24.4,59.38688176199968
2021-11-29,20.1,59.402407057999675
2021-11-30,8.4,59.45107741899968
2021-12-01,20.0,59.464827238999675
2021-12-02,33.1,59.47438559899968
2021-12-03,36.6,59.481636843999674
2021-12-04,12.5,59.48422686899968
2021-12-05,28.6,59.48513060899968
2021-12-06,24.1,59.494613490999676
2021-12-07,28.7,59.508016647999675
2021-12-08,14.3,59.53262351499967
2021-12-09,12.0,59.55346819699967
2021-12-10,21.6,59.56344433599966
2021-12-11,18.5,59.57615127599966
2021-12-12,16.7,59.57668385599966
2021-12-13,15.7,59.59838401399966
2021-12-14,14.8,59.60966045199966
2021-12-15,13.5,59.63457593899967
2021-12-16,18.5,59.66531113599966
2021-12-17,23.8,59.68591989399967
2021-12-18,14.0,59.68739842899966
2021-12-19,15.0,59.688539613999666
2021-12-20,60.6,59.91130085999966
2021-12-21,53.6,59.967353356999666
2021-12-22,58.0,59.995649278999664
2021-12-23,20.3,60.03791837699966
2021-12-24,8.5,60.03824981699966
2021-12-25,21.9,60.03832364199966
2021-12-26,25.2,60.03838006199966
2021-12-27,23.9,60.04024386599966
2021-12-28,15.6,60.04442453499966
2021-12-29,15.8,60.04708079499966
2021-12-30,14.8,60.05176153499966
2021-12-31,46.2,60.05311386099966
2022-01-01,35.8,60.058681655999656
2022-01-02,26.6,60.06124946899966
2022-01-03,23.5,60.098303061999665
2022-01-04,10.9,60.107638966999666
2022-01-05,27.4,60.11488992199966
2022-01-06,52.2,60.11916366799966
2022-01-07,19.1,60.12670532899966
2022-01-08,23.0,60.127264003999656
2022-01-09,21.7,60.127449098999655
2022-01-10,28.1,60.15136978899965
2022-01-11,39.7,60.16513422399966
2022-01-12,38.8,60.17924521099966
2022-01-13,38.9,60.19454489299966
2022-01-14,49.5,60.20620657199965
2022-01-15,31.2,60.20960545699965
2022-01-16,25.6,60.21005138199965
2022-01-17,22.4,60.23795251799965
2022-01-18,32.1,60.269545228999654
2022-01-19,51.4,60.28334320799966
2022-01-20,40.5,60.29769401299965
2022-01-21,46.1,60.338785140999654
2022-01-22,21.4,60.342064850999655
2022-01-23,25.8,60.342208686999655
2022-01-24,39.0,60.36170216799965
2022-01-25,28.4,60.39071329799966
2022-01-26,22.5,60.41796250199966
2022-01-27,35.8,60.44303001999966
2022-01-28,54.8,60.47441241199966
2022-01-29,20.5,60.48763727199966
2022-01-30,57.2,60.48927293699966
2022-01-31,23.2,60.56099239699966
2022-02-01,19.3,60.57831887499965
2022-02-02,52.2,60.59017410399966
2022-02-03,30.7,60.60021886899966
2022-02-04,35.6,60.61049225199966
2022-02-05,83.5,60.61207004199966
2022-02-06,26.9,60.61235349699966
2022-02-07,61.6,60.62589558999966
2022-02-08,38.1,60.64656820899966
2022-02-09,71.2,60.65881255299966
2022-02-10,70.8,60.82329195699966
2022-02-11,64.9,60.83838259299966
2022-02-12,148.9,60.84009743499966
2022-02-13,150.9,60.84047493099966
2022-02-14,96.5,60.85606500699966
2022-02-15,60.9,60.88687975199965
2022-02-16,33.8,60.90049456999966
2022-02-17,82.0,60.91718085999966
2022-02-18,37.7,60.92889547099966
2022-02-19,117.5,60.93052922099965
2022-02-20,46.4,60.93119767099966
2022-02-21,72.9,60.944475480999664
2022-02-22,76.8,60.96100162699966
2022-02-23,161.0,61.14608117199966
2022-02-24,95.6,61.165800588999666
2022-02-25,99.9,61.188847506999664
2022-02-26,116.7,61.192328631999665
2022-02-27,180.1,61.19370796699967
2022-02-28,188.1,61.26279504499966
2022-03-01,186.5,61.28232040899967
2022-03-02,144.1,61.297260057999665
2022-03-03,189.1,61.31546096999966
2022-03-04,160.3,61.32805780499966
2022-03-05,167.5,61.32970825999966
2022-03-06,119.0,61.33004476999966
2022-03-07,193.4,61.383379212999664
2022-03-08,226.5,61.41588998999967
2022-03-09,225.2,61.44688773399967
2022-03-10,223.3,61.51933175599967
2022-03-11,227.5,61.54161092899967
2022-03-12,209.8,61.544390668999675
2022-03-13,221.1,61.54503669799967
2022-03-14,137.5,61.562845984999676
2022-03-15,70.9,61.59570789199967
2022-03-16,149.5,61.62234072699967
2022-03-17,61.8,61.656985922999674
2022-03-18,185.8,61.68302966699967
2022-03-19,210.7,61.68924436699968
2022-03-20,211.7,61.69016833399968
2022-03-21,226.2,61.72469641099968
2022-03-22,243.0,61.73890304799968
2022-03-23,242.2,61.772357919999685
2022-03-24,239.7,61.82814849099969
2022-03-25,237.7,61.86120282499968
2022-03-26,221.0,61.86454366499969
2022-03-27,229.4,61.86539995999969
2022-03-28,222.5,61.92550826799968
2022-03-29,159.2,61.96726090599968
2022-03-30,97.5,62.01161106399969
2022-03-31,72.2,62.11551925299968
2022-04-01,61.5,62.13922782699969
2022-04-02,85.3,62.14106727199969
2022-04-03,137.9,62.14146145799968
2022-04-04,144.6,62.15597280999968
2022-04-05,80.2,62.17240595399968
2022-04-06,123.8,62.19012054499968
2022-04-07,115.7,62.20445959199968
2022-04-08,110.7,62.21558459199968
2022-04-09,174.9,62.21722549699968
2022-04-10,188.2,62.21788149199968
2022-04-11,277.3,62.24207847999968
2022-04-12,261.0,62.25964089899968
2022-04-13,234.0,62.28409310399967
2022-04-14,193.5,62.317873580999674
2022-04-15,156.7,62.32095011399967
2022-04-16,257.3,62.32255608899967
2022-04-17,295.0,62.32277447899967
2022-04-18,297.5,62.32382549799968
2022-04-19,268.1,62.345570562999676
2022-04-20,261.2,62.36431236299967
2022-04-21,196.6,62.39050846399967
2022-04-22,217.3,62.42550091999967
2022-04-23,220.0,62.431281825999676
2022-04-24,153.7,62.43204878499968
2022-04-25,167.2,62.45225560499968
2022-04-26,169.8,62.47305590199967
2022-04-27,230.9,62.503045930999676
2022-04-28,292.0,62.53379203899968
2022-04-29,251.8,62.57490202699967
2022-04-30,185.2,62.59223673599967
2022-05-01,190.4,62.59587925099967
2022-05-02,264.0,62.62807214099968
2022-05-03,257.9,62.64251669399968
2022-05-04,229.8,62.66891782599968
2022-05-05,219.7,62.70055504699968
2022-05-06,218.5,62.71327249899968
2022-05-07,224.3,62.71540085699968
2022-05-08,247.8,62.71595155799968
2022-05-09,304.3,62.74082877199968
2022-05-10,257.9,62.76876637399968
2022-05-11,279.2,62.78796777699968
2022-05-12,268.8,62.834010703999674
2022-05-13,224.1,62.884577594999676
2022-05-14,294.8,62.88769781999968
2022-05-15,321.1,62.89288480799968
2022-05-16,219.9,62.93310066499968
2022-05-17,235.9,62.97323021199968
2022-05-18,303.1,62.99579119599967
2022-05-19,273.8,63.01884292599967
2022-05-20,253.2,63.045147814999666
2022-05-21,246.1,63.04875249499967
2022-05-22,290.6,63.04961428299968
2022-05-23,229.4,63.069455766999674
2022-05-24,175.1,63.11042565399967
2022-05-25,249.3,63.14255173099967
2022-05-26,208.6,63.144908470999674
2022-05-27,221.0,63.16059336099967
2022-05-28,241.6,63.162450615999674
2022-05-29,201.1,63.163196420999675
2022-05-30,241.8,63.19333688899968
2022-05-31,254.8,63.24041268999968
2022-06-01,257.0,63.30520893899968
2022-06-02,299.5,63.325542338999675
2022-06-03,295.9,63.34234516099967
2022-06-04,266.9,63.344210715999665
2022-06-05,209.8,63.344570195999665
2022-06-06,242.3,63.346263902999674
2022-06-07,207.0,63.36248911399967
2022-06-08,239.2,63.37836643799967
2022-06-09,200.1,63.40129055199967
2022-06-10,290.4,63.41555262199967
2022-06-11,293.8,63.417517260999674
2022-06-12,320.2,63.418048815999676
2022-06-13,276.9,63.43063140399967
2022-06-14,321.8,63.45195828499966
2022-06-15,343.3,63.47353341399967
2022-06-16,311.0,63.47883604099967
2022-06-17,319.6,63.490945195999664
2022-06-18,328.6,63.49279975199967
2022-06-19,288.3,63.49343884699967
2022-06-20,189.1,63.511167255999666
2022-06-21,321.8,63.533261031999665
2022-06-22,256.1,63.54968167099967
2022-06-23,330.0,63.58309880199967
2022-06-24,213.6,63.606388819999665
2022-06-25,276.2,63.60996128499967
2022-06-26,280.8,63.61569078499967
2022-06-27,223.0,63.645649603999665
2022-06-28,275.4,63.66465119799967
2022-06-29,212.8,63.751333598999665
2022-06-30,290.0,63.79981240099967
2022-07-01,138.9,63.824189668999665
2022-07-02,346.5,63.82737413399967
2022-07-03,330.8,63.82784466599966
2022-07-04,296.0,63.87913048199967
2022-07-05,298.9,63.89769799699967
2022-07-06,271.4,63.91525850399966
2022-07-07,132.0,63.935039506999665
2022-07-08,243.8,63.94745589099967
2022-07-09,219.2,63.949243855999676
2022-07-10,223.4,63.95097659099967
2022-07-11,228.8,63.96760525399967
2022-07-12,323.0,63.98367019499967
2022-07-13,257.8,63.99972090499968
2022-07-14,278.3,64.02468979499967
2022-07-15,269.4,64.04267866399968
2022-07-16,296.9,64.04478166099967
2022-07-17,339.6,64.04545446099968
2022-07-18,312.2,64.05862296399968
2022-07-19,334.5,64.08773084499967
2022-07-20,310.0,64.11954157399967
2022-07-21,201.7,64.14853135299967
2022-07-22,261.9,64.16443666299968
2022-07-23,237.5,64.16635029399967
2022-07-24,322.8,64.16670138899967
2022-07-25,275.0,64.18484942999967
2022-07-26,221.2,64.19938225999967
2022-07-27,238.1,64.21640819399967
2022-07-28,305.3,64.24773074799967
2022-07-29,224.0,64.27760537299967
2022-07-30,236.3,64.28439867899966
2022-07-31,237.8,64.29121839399967
2022-08-01,220.2,64.36298993299967
2022-08-02,304.4,64.38940665399967
2022-08-03,318.8,64.41333875099967
2022-08-04,290.6,64.44688955599968
2022-08-05,212.4,64.46611020799968
2022-08-06,265.5,64.46969485999968
2022-08-07,307.1,64.47044168499968
2022-08-08,306.0,64.48927383699969
2022-08-09,309.2,64.50880351199967
2022-08-10,312.3,64.54233777499968
2022-08-11,319.7,64.56956722699968
2022-08-12,302.5,64.59452488699968
2022-08-13,262.3,64.59706227999968
2022-08-14,277.2,64.59784717099967
2022-08-15,213.2,64.61524043199968
2022-08-16,270.5,64.63959718499967
2022-08-17,219.2,64.65633392399967
2022-08-18,173.2,64.69373524299968
2022-08-19,123.3,64.71355504299967
2022-08-20,142.6,64.71708867099967
2022-08-21,257.3,64.71768442099967
2022-08-22,237.6,64.74400559799967
2022-08-23,267.7,64.80628711699967
2022-08-24,263.3,64.83627372899967
2022-08-25,253.4,64.85594248099967
2022-08-26,183.2,64.88071346799967
2022-08-27,115.5,64.88513463299968
2022-08-28,203.9,64.88923394599968
2022-08-29,235.2,64.91734864899968
2022-08-30,239.8,64.95171686199967
2022-08-31,164.6,64.97975883599968
2022-09-01,222.8,65.02411604199968
2022-09-02,269.6,65.06639968199967
2022-09-03,211.9,65.06927042699968
2022-09-04,245.5,65.06975130199967
2022-09-05,250.5,65.09377834399967
2022-09-06,205.4,65.11429252899968
2022-09-07,201.5,65.14495202299969
2022-09-08,114.9,65.18169860399968
2022-09-09,170.1,65.20405741799968
2022-09-10,137.5,65.20744422299968
2022-09-11,144.8,65.20815088799968
2022-09-12,225.8,65.24253221199969
2022-09-13,157.2,65.29290749799968
2022-09-14,93.0,65.32072801299968
2022-09-15,119.2,65.35626180699968
2022-09-16,141.6,65.40551779899968
2022-09-17,145.6,65.40836126499968
2022-09-18,101.6,65.40913256099968
2022-09-19,140.4,65.43275542499967
2022-09-20,164.3,65.47709280999968
2022-09-21,221.8,65.54338706299967
2022-09-22,238.6,65.57525527499966
2022-09-23,207.9,65.60504304099967
2022-09-24,106.7,65.60799674099968
2022-09-25,112.8,65.60878699799967
2022-09-26,132.0,65.62768926699968
2022-09-27,96.5,65.67287001999968
2022-09-28,95.5,65.72162253599967
2022-09-29,133.9,65.76667148099968
2022-09-30,179.6,65.82037601499968
2022-10-01,62.1,65.83214192499969
2022-10-02,94.7,65.83257614299968
2022-10-03,136.5,65.83490192299968
2022-10-04,179.7,65.87715861199968
2022-10-05,172.1,65.91940535599969
2022-10-06,181.2,65.95143303699969
2022-10-07,180.3,65.96824602999969
2022-10-08,116.9,65.9718600469997
2022-10-09,187.9,65.97281819299968
2022-10-10,160.6,65.99737051699968
2022-10-11,140.1,66.0123692699997
2022-10-12,147.4,66.03301738999967
2022-10-13,84.9,66.05612434699968
2022-10-14,78.2,66.07358116199968
2022-10-15,79.5,66.08109186199968
2022-10-16,130.3,66.0820611519997
2022-10-17,144.9,66.09859488499968
2022-10-18,93.8,66.12533992299969
2022-10-19,106.9,66.1658721329997
2022-10-20,115.6,66.18521511199968
2022-10-21,55.0,66.21502847699969
2022-10-22,108.2,66.21787923999969
2022-10-23,104.7,66.21865714799969
2022-10-24,59.5,66.24599816499969
2022-10-25,105.5,66.26702155199969
2022-10-26,105.0,66.35276349899969
2022-10-27,141.3,66.38761115199968
2022-10-28,110.8,66.42113648699967
2022-10-29,95.7,66.42802379199969
2022-10-30,130.8,66.42908354099968
2022-10-31,89.2,66.44335147399967
2022-11-01,79.3,66.45996456599967
2022-11-02,99.4,66.50212171299968
2022-11-03,81.2,66.53203039299967
2022-11-04,42.4,66.55050093599968
2022-11-05,78.1,66.55351952699968
2022-11-06,97.1,66.55414195799968
2022-11-07,71.5,66.57692292399967
2022-11-08,103.7,66.59658480099966
2022-11-09,58.9,66.61684339899968
2022-11-10,94.8,66.63449800899967
2022-11-11,74.6,66.65219120099968
2022-11-12,71.3,66.65607706499966
2022-11-13,93.1,66.65692842599968
2022-11-14,79.5,66.67854924199968
2022-11-15,87.4,66.70804764399968
2022-11-16,37.1,66.73021988599967
2022-11-17,31.2,66.74560753499966
2022-11-18,28.9,66.75972030399967
2022-11-19,43.9,66.76242116499967
2022-11-20,38.0,66.76350121499966
2022-11-21,49.3,66.78711873599967
2022-11-22,31.7,66.80225583199966
2022-11-23,70.1,66.85333982099966
2022-11-24,39.0,66.87995579299967
2022-11-25,44.8,66.91231552399967
2022-11-26,39.1,66.91523661299966
2022-11-27,49.4,66.91602210099967
2022-11-28,22.4,66.97298177399966
2022-11-29,15.2,67.03112693499968
2022-11-30,18.1,67.08830986199968
2022-12-01,16.7,67.12379667099965
2022-12-02,8.4,67.13420168599967
2022-12-03,8.2,67.13546939399967
2022-12-04,11.3,67.13590092899966
2022-12-05,9.1,67.17429294099966
2022-12-06,14.9,67.19395236399964
2022-12-07,29.8,67.23633899299965
2022-12-08,27.3,67.25892106199964
2022-12-09,21.5,67.28200135099965
2022-12-10,14.9,67.28376784599965
2022-12-11,11.9,67.28415801599967
2022-12-12,26.1,67.29950548599966
2022-12-13,34.7,67.31478046199966
2022-12-14,16.1,67.33896022999966
2022-12-15,21.5,67.36205768299966
2022-12-16,17.0,67.37781611199966
2022-12-17,16.0,67.37909519399966
2022-12-18,17.5,67.37957643899966
2022-12-19,6.8,67.40134984499967
2022-12-20,12.3,67.44680508799968
2022-12-21,14.6,67.48240481299966
2022-12-22,19.7,67.52015996099966
2022-12-23,12.8,67.52695970999966
2022-12-24,29.5,67.52960402999965
2022-12-25,39.3,67.52969675899966
2022-12-26,16.4,67.52985410899966
2022-12-27,52.8,67.53338772499966
2022-12-28,33.3,67.53711503299965
2022-12-29,33.5,67.53951537899965
2022-12-30,52.3,67.54561912399966
2022-12-31,36.1,67.54704571999966
2023-01-01,43.5,67.57271367799966
2023-01-02,33.72,67.63021537699967
2023-01-03,44.22,67.66194389399966
2023-01-04,13.44,67.69283765699966
2023-01-05,22.45,67.72058684099966
2023-01-06,29.55,67.73751335299966
2023-01-07,46.06,67.74215749899966
2023-01-08,23.0,67.74451963899966
2023-01-09,25.82,67.80285752399966
2023-01-10,29.04,67.85082194899965
2023-01-11,18.9,67.88521747399967
2023-01-12,19.12,67.92799491599966
2023-01-13,35.8,67.96050509499966
2023-01-14,30.16,67.96602481499967
2023-01-15,24.32,67.97070665999966
2023-01-16,50.7,68.04879683699967
2023-01-17,59.15,68.09289530099967
2023-01-18,33.22,68.13781465799967
2023-01-19,35.66,68.18863856099966
2023-01-20,24.73,68.22357189099966
2023-01-21,16.21,68.22845046199966
2023-01-22,7.6,68.22922542199966
2023-01-23,13.28,68.26750227999963
2023-01-24,13.38,68.29543940799965
2023-01-25,7.72,68.36021875799963
2023-01-26,10.63,68.40697239999965
2023-01-27,17.26,68.44821956199965
2023-01-28,23.91,68.45289551799965
2023-01-29,30.56,68.45390506199966
2023-01-30,31.34,68.49368548599963
2023-01-31,26.84,68.54728777299964
2023-02-01,23.94,68.60078072599963
2023-02-02,27.66,68.63262131199964
2023-02-03,19.93,68.66116670199963
2023-02-04,69.76,68.66666455299963
2023-02-05,41.51,68.66781530999963
2023-02-06,45.48,68.70089203599963
2023-02-07,121.38,68.74595633599962
2023-02-08,137.49,68.78729377199963
2023-02-09,126.34,68.82764083799962
2023-02-10,97.49,68.85834393799962
2023-02-11,47.31,68.86374099099962
2023-02-12,50.84,68.86585769299964
2023-02-13,71.86,68.89663551799963
2023-02-14,81.74,68.96202021999964
2023-02-15,99.01,69.00955537199964
2023-02-16,97.21,69.11202007099965
2023-02-17,33.41,69.14570763799965
2023-02-18,40.66,69.15141307799963
2023-02-19,66.6,69.15306958399964
2023-02-20,100.32,69.17912171499964
2023-02-21,96.96,69.25440009599963
2023-02-22,105.97,69.28732807899962
2023-02-23,49.41,69.32244253299962
2023-02-24,44.79,69.35299284299963
2023-02-25,69.8,69.35925611799962
2023-02-26,88.62,69.36089442499963
2023-02-27,112.19,69.40697117799962
2023-02-28,157.87,69.44735083099962
2023-03-01,177.81,69.55000950499962
2023-03-02,155.73,69.60424581999962
2023-03-03,110.5,69.64619660399961
2023-03-04,75.12,69.65230549499961
2023-03-05,59.72,69.65422440699962
2023-03-06,67.32,69.69534938399963
2023-03-07,87.17,69.7254138369996
2023-03-08,43.65,69.75743494799961
2023-03-09,69.86,69.80422114999962
2023-03-10,73.36,69.84141638799962
2023-03-11,113.32,69.84830427499962
2023-03-12,79.02,69.85008472899962
2023-03-13,98.08,69.90924651499961
2023-03-14,79.8,69.95003236899962
2023-03-15,140.27,69.99855645299962
2023-03-16,199.76,70.03991611599963
2023-03-17,169.74,70.07489368699963
2023-03-18,177.18,70.08649269299961
2023-03-19,121.33,70.08878401399961
2023-03-20,82.12,70.1282214829996
2023-03-21,118.48,70.1635696189996
2023-03-22,167.85,70.29879981799962
2023-03-23,87.63,70.35202416699961
2023-03-24,91.65,70.38502902599963
2023-03-25,133.23,70.39197915799963
2023-03-26,98.82,70.39374007299963
2023-03-27,168.97,70.43886343799963
2023-03-28,193.05,70.47672765899962
2023-03-29,112.09,70.52976299499961
2023-03-30,96.39,70.63078173799961
2023-03-31,99.85,70.69128606199962
2023-04-01,77.24,70.74016808399962
2023-04-02,110.34,70.74280135499961
2023-04-03,203.81,70.80998294899962
2023-04-04,251.56,70.87172104399961
2023-04-05,252.43,70.97165674499962
2023-04-06,258.2,71.04619781299962
2023-04-07,165.14,71.05002164299962
2023-04-08,85.6,71.05543935799963
2023-04-09,208.25,71.05614607299964
2023-04-10,249.44,71.06106540299962
2023-04-11,166.3,71.09749058599962
2023-04-12,123.99,71.16250345499962
2023-04-13,152.32,71.19894517199961
2023-04-14,161.2,71.24026281699962
2023-04-15,85.16,71.2497815209996
2023-04-16,83.57,71.25630916999961
2023-04-17,156.65,71.32821836099961
2023-04-18,135.82,71.37531321299961
2023-04-19,191.45,71.4154434519996
2023-04-20,129.77,71.46025440699961
2023-04-21,263.92,71.52176901199961
2023-04-22,249.82,71.5304784099996
2023-04-23,188.31,71.53324321299962
2023-04-24,146.07,71.5736097569996
2023-04-25,149.47,71.6380900849996
2023-04-26,214.58,71.69807518599961
2023-04-27,247.66,71.7460063589996
2023-04-28,114.78,71.8276885589996
2023-04-29,153.87,71.8414703599996
2023-04-30,283.26,71.84735332199959
2023-05-01,210.82,71.8725975589996
2023-05-02,178.75,71.9640901639996
2023-05-03,297.05,72.0169372869996
2023-05-04,307.0,72.0780361529996
2023-05-05,225.67,72.1193105189996
2023-05-06,198.8,72.1280044319996
2023-05-07,214.4,72.1301982949996
2023-05-08,222.69,72.1747182309996
2023-05-09,259.34,72.2313856209996
2023-05-10,159.97,72.2965117829996
2023-05-11,135.84,72.3465464799996
2023-05-12,194.74,72.4104021259996
2023-05-13,223.22,72.4177502329996
2023-05-14,217.92,72.4193685119996
2023-05-15,224.0,72.48039257599959
2023-05-16,158.78,72.54434866599959
2023-05-17,249.53,72.62745823699959
2023-05-18,288.94,72.6317270379996
2023-05-19,248.08,72.6622460709996
2023-05-20,232.87,72.67072993599957
2023-05-21,265.58,72.67259359799958
2023-05-22,280.5,72.7160930599996
2023-05-23,157.45,72.76398336799959
2023-05-24,199.85,72.88012125299959
2023-05-25,292.53,72.94159415299958
2023-05-26,325.48,72.9870204159996
2023-05-27,343.29,72.9944924669996
2023-05-28,329.57,72.99643763899961
2023-05-29,326.33,73.0015662199996
2023-05-30,313.68,73.0635471639996
2023-05-31,345.29,73.12008865199961
2023-06-01,305.79,73.2434096649996
2023-06-02,304.62,73.2848344939996
2023-06-03,347.97,73.3060569269996
2023-06-04,340.68,73.3079734129996
2023-06-05,311.04,73.3589202319996
2023-06-06,253.16,73.4154195299996
2023-06-07,268.61,73.4803145409996
2023-06-08,272.7,73.50061751299961
2023-06-09,318.13,73.53369944999962
2023-06-10,305.64,73.5425378809996
2023-06-11,331.98,73.54435408199961
2023-06-12,339.48,73.5903424759996
2023-06-13,343.67,73.6465166329996
2023-06-14,305.84,73.69025292799961
2023-06-15,283.36,73.77441187999962
2023-06-16,242.51,73.82958393799962
2023-06-17,294.73,73.83896926299963
2023-06-18,301.51,73.84135456599964
2023-06-19,235.06,73.88577913799962
2023-06-20,261.79,73.93306849399963
2023-06-21,255.5,73.97763569299963
2023-06-22,249.85,74.04166693799964
2023-06-23,158.03,74.09651889899963
2023-06-24,314.28,74.10583885899963
2023-06-25,318.59,74.10827765399962
2023-06-26,284.83,74.15381574299964
2023-06-27,243.57,74.26215074499963
2023-06-28,250.76,74.31951692499965
2023-06-29,233.44,74.38300609899963
2023-06-30,164.84,74.46840769099963
2023-07-01,193.6,74.49901722299964
2023-07-02,247.97,74.50201664199963
2023-07-03,230.28,74.56059984099964
2023-07-04,279.1,74.65364004499963
2023-07-05,228.92,74.72319089599962
2023-07-06,300.71,74.81065835399964
2023-07-07,353.99,74.91697919599962
2023-07-08,323.93,74.92635692799962
2023-07-09,311.42,74.92843108799961
2023-07-10,253.7,74.97311891999962
2023-07-11,320.61,75.02592586599961
2023-07-12,244.62,75.10469970599961
2023-07-13,257.04,75.1693147549996
2023-07-14,286.3,75.21566019799961
2023-07-15,263.36,75.2276916159996
2023-07-16,267.59,75.23007036199962
2023-07-17,271.07,75.28021818899963
2023-07-18,289.74,75.33220811299962
2023-07-19,239.15,75.46083516799963
2023-07-20,262.66,75.52901651099961
2023-07-21,190.06,75.57553704199962
2023-07-22,251.21,75.58277170499963
2023-07-23,199.04,75.58476376199962
2023-07-24,176.8,75.63553927899963
2023-07-25,174.52,75.69133150899964
2023-07-26,218.05,75.74668412599964
2023-07-27,122.84,75.80224147999964
2023-07-28,170.97,75.85236825399964
2023-07-29,193.57,75.85923639199963
2023-07-30,216.78,75.86158428899962
2023-07-31,156.98,75.91065725999962
2023-08-01,165.32,75.99978749599964
2023-08-02,137.96,76.05863598199963
2023-08-03,202.04,76.13301275899963
2023-08-04,185.01,76.20077238999963
2023-08-05,188.52,76.20802218299963
2023-08-06,139.14,76.20981694299964
2023-08-07,161.41,76.24927498599962
2023-08-08,218.87,76.29818972199963
2023-08-09,191.41,76.33707754699962
2023-08-10,291.84,76.42971538299962
2023-08-11,302.45,76.49066955999963
2023-08-12,181.41,76.49731166299964
2023-08-13,226.83,76.49899857899963
2023-08-14,253.84,76.54362669899962
2023-08-15,221.71,76.58277297699962
2023-08-16,234.26,76.64531855999964
2023-08-17,193.3,76.68648999999962
2023-08-18,279.29,76.72276636399961
2023-08-19,243.08,76.72910783299962
2023-08-20,274.2,76.73125432499961
2023-08-21,272.26,76.78191951899963
2023-08-22,254.81,76.84242476599962
2023-08-23,275.53,76.8913566019996
2023-08-24,228.3,76.94456921499962
2023-08-25,145.19,76.99105079599961
2023-08-26,189.53,76.99868622599962
2023-08-27,108.61,77.00022124499961
2023-08-28,121.85,77.04297684099961
2023-08-29,107.97,77.08179689999962
2023-08-30,169.22,77.12642228199962
2023-08-31,190.81,77.19597220099962
2023-09-01,163.35,77.25511255399961
2023-09-02,232.44,77.26069289399962
2023-09-03,213.86,77.26235232699962
2023-09-04,279.07,77.30998014899961
2023-09-05,274.13,77.34700928199962
2023-09-06,276.01,77.42662872799961
2023-09-07,281.68,77.47384829099961
2023-09-08,276.36,77.52094963099961
2023-09-09,268.05,77.5287896009996
2023-09-10,254.99,77.53120553599962
2023-09-11,255.71,77.57718021899962
2023-09-12,207.11,77.62743627499961
2023-09-13,115.29,77.6701882309996
2023-09-14,212.77,77.7078056649996
2023-09-15,253.76,77.74783749699961
2023-09-16,244.22,77.7586697079996
2023-09-17,213.87,77.76038579399959
2023-09-18,116.9,77.8271992769996
2023-09-19,185.29,77.8752631039996
2023-09-20,218.56,77.9216031939996
2023-09-21,180.5,77.96060130399961
2023-09-22,96.51,77.9982830579996
2023-09-23,155.74,78.0168622009996
2023-09-24,217.25,78.0182895909996
2023-09-25,236.41,78.05475738499959
2023-09-26,225.98,78.1060426449996
2023-09-27,211.2,78.1773967269996
2023-09-28,203.2,78.21737669799961
2023-09-29,142.9,78.3166581399996
2023-09-30,171.98,78.32705876499962
2023-10-01,182.67,78.3474512629996
2023-10-02,194.47,78.3747052609996
2023-10-03,122.37,78.3772917889996
2023-10-04,165.1,78.4351311129996
2023-10-05,122.83,78.50356192499962
2023-10-06,164.6,78.57359171499961
2023-10-07,104.22,78.58101017399962
2023-10-08,113.02,78.58235903599963
2023-10-09,62.39,78.65202763099963
2023-10-10,144.66,78.77734050299962
2023-10-11,167.83,78.82293539099962
2023-10-12,74.77,78.8867579249996
2023-10-13,125.43,78.9576927679996
2023-10-14,106.89,78.9646066319996
2023-10-15,116.28,78.9676221609996
2023-10-16,145.05,79.0344031379996
2023-10-17,121.82,79.0888581699996
2023-10-18,130.17,79.13982429299959
2023-10-19,52.13,79.1926539379996
2023-10-20,36.43,79.24095009899959
2023-10-21,110.65,79.2615268819996
2023-10-22,118.08,79.2633096819996
2023-10-23,106.36,79.3101366899996
2023-10-24,29.16,79.3564371599996
2023-10-25,88.15,79.4126772709996
2023-10-26,44.63,79.4681456159996
2023-10-27,47.43,79.5367726829996
2023-10-28,73.64,79.54244863999959
2023-10-29,65.68,79.54392953299961
2023-10-30,78.94,79.61582112899961
2023-10-31,48.96,79.7118222359996
2023-11-01,91.72,79.7390132399996
2023-11-02,35.55,79.8087303379996
2023-11-03,51.49,79.8689527089996
2023-11-04,87.45,79.87437629399959
2023-11-05,48.31,79.8762500829996
2023-11-06,81.1,79.91142680899961
2023-11-07,64.12,79.9643497519996
2023-11-08,74.05,79.9970910069996
2023-11-09,49.66,80.0968744849996
2023-11-10,55.25,80.12858933399961
2023-11-11,52.57,80.14112559499961
2023-11-12,56.79,80.1433313049996
2023-11-13,26.73,80.20603502899961
2023-11-14,30.58,80.2468478639996
2023-11-15,48.66,80.28237085199962
2023-11-16,41.54,80.3389692409996
2023-11-17,43.33,80.3776326789996
2023-11-18,48.0,80.3829668319996
2023-11-19,49.08,80.3842663729996
2023-11-20,42.67,80.43472109899959
2023-11-21,28.62,80.5873336829996
2023-11-22,47.61,80.6482253429996
2023-11-23,37.42,80.68267747199958
2023-11-24,36.14,80.72891303599958
2023-11-25,28.44,80.73783863699957
2023-11-26,33.55,80.73905093299959
2023-11-27,20.81,80.77731357099958
2023-11-28,13.18,80.82347186899956
2023-11-29,18.1,80.85199291999957
2023-11-30,13.69,80.93412332799959
2023-12-01,5.34,80.97879943099957
2023-12-02,7.6,80.98267467099957
2023-12-03,18.5,80.98417407599958
2023-12-04,5.44,81.06173203099956
2023-12-05,11.68,81.08527393599958
2023-12-06,7.5,81.22841858499957
2023-12-07,32.49,81.28394451799957
2023-12-08,9.89,81.30975995999957
2023-12-09,23.98,81.31288796499956
2023-12-10,26.37,81.31439113899957
2023-12-11,22.48,81.36810447399955
2023-12-12,23.85,81.40113644599957
2023-12-13,23.67,81.43347408499956
2023-12-14,16.43,81.46871855299956
2023-12-15,20.7,81.50598681299957
2023-12-16,39.41,81.50903590399956
2023-12-17,55.17,81.50976037199956
2023-12-18,60.15,81.53934001999957
2023-12-19,39.3,81.57209781999956
2023-12-20,25.94,81.62855867599957
2023-12-21,7.69,81.67502377599956
2023-12-22,17.54,81.68768289399956
2023-12-23,10.2,81.68908974499955
2023-12-24,10.62,81.68921343299955
2023-12-25,28.89,81.68938287799953
2023-12-26,29.84,81.69001466799955
2023-12-27,51.65,81.70618684299956
2023-12-28,32.45,81.71249806699956
2023-12-29,30.52,81.71818280599955
2023-12-30,47.41,81.72090605599954
2023-12-31,26.35,81.72185865099955
